{
  "timestamp": "2025-07-18T04:53:23.856Z",
  "config": {
    "symbols": [
      "BTC_USDC_PERP",
      "ETH_USDC_PERP",
      "SOL_USDC_PERP"
    ],
    "days": 180,
    "initialBalance": 100,
    "investmentPerTrade": 20
  },
  "results": [
    {
      "timeframe": "5m",
      "totalReturn": 65.38039748302623,
      "winRate": 88.08911739502999,
      "totalTrades": 3501,
      "profitFactor": 0.20455517280302407,
      "maxDrawdown": 2.9863164555378194,
      "sharpeRatio": 0.0962696679101424,
      "averageWin": 0.06253922852347883,
      "averageLoss": 0.305732813629215,
      "tradesPerDay": 19.45,
      "returnPerTrade": 0.01867477791574585,
      "riskRewardRatio": 0.20455517280302407,
      "consecutiveWins": 0,
      "consecutiveLosses": 0,
      "volatilityScore": 47.97638022356361,
      "compositeScore": 67.93724374218006
    },
    {
      "timeframe": "1m",
      "totalReturn": 82.0666830003168,
      "winRate": 83.38380944585414,
      "totalTrades": 12217,
      "profitFactor": 0.27605260486579947,
      "maxDrawdown": 2.395580405257341,
      "sharpeRatio": 0.06328043830970033,
      "averageWin": 0.02896475465466675,
      "averageLoss": 0.10492476486047908,
      "tradesPerDay": 67.87222222222222,
      "returnPerTrade": 0.006717416959999738,
      "riskRewardRatio": 0.27605260486579947,
      "consecutiveWins": 0,
      "consecutiveLosses": 1,
      "volatilityScore": 48.23722397783966,
      "compositeScore": 67.46491166854203
    },
    {
      "timeframe": "15m",
      "totalReturn": 37.05562193137905,
      "winRate": 86.24213836477988,
      "totalTrades": 1272,
      "profitFactor": 0.24250088709745588,
      "maxDrawdown": 5.206378687135144,
      "sharpeRatio": 0.10576966135008671,
      "averageWin": 0.09872202059245687,
      "averageLoss": 0.4070996266202631,
      "tradesPerDay": 7.066666666666666,
      "returnPerTrade": 0.029131778247939506,
      "riskRewardRatio": 0.24250088709745588,
      "consecutiveWins": 0,
      "consecutiveLosses": 0,
      "volatilityScore": 45.851317926365724,
      "compositeScore": 57.70503545735909
    },
    {
      "timeframe": "1h",
      "totalReturn": 25.705227255329717,
      "winRate": 86.05341246290801,
      "totalTrades": 337,
      "profitFactor": 0.2947584882937913,
      "maxDrawdown": 1.8340843353188812,
      "sharpeRatio": 0.1498995339506193,
      "averageWin": 0.1969033650492409,
      "averageLoss": 0.6680159278500019,
      "tradesPerDay": 1.8722222222222222,
      "returnPerTrade": 0.0762766387398508,
      "riskRewardRatio": 0.2947584882937913,
      "consecutiveWins": 0,
      "consecutiveLosses": 0,
      "volatilityScore": 49.66491100418731,
      "compositeScore": 48.15888455124321
    },
    {
      "timeframe": "4h",
      "totalReturn": 15.575384910611007,
      "winRate": 81.91489361702128,
      "totalTrades": 94,
      "profitFactor": 0.36666904079888535,
      "maxDrawdown": 2.9396037077605355,
      "sharpeRatio": 0.1409524369619168,
      "averageWin": 0.5083903715722411,
      "averageLoss": 1.386510217673623,
      "tradesPerDay": 0.5222222222222223,
      "returnPerTrade": 0.16569558415543625,
      "riskRewardRatio": 0.36666904079888535,
      "consecutiveWins": 0,
      "consecutiveLosses": 0,
      "volatilityScore": 48.46992066185864,
      "compositeScore": 40.92626236652209
    },
    {
      "timeframe": "1d",
      "totalReturn": -14.792567252271724,
      "winRate": 64.28571428571429,
      "totalTrades": 14,
      "profitFactor": 0.12537846715999873,
      "maxDrawdown": 0,
      "sharpeRatio": -0.469657601805748,
      "averageWin": 0.47904545398796256,
      "averageLoss": 3.82079526763268,
      "tradesPerDay": 0.07777777777777778,
      "returnPerTrade": -1.0566119465908375,
      "riskRewardRatio": 0.12537846715999873,
      "consecutiveWins": 0,
      "consecutiveLosses": 0,
      "volatilityScore": 50,
      "compositeScore": 28.561812970720634
    }
  ],
  "recommendations": {
    "best": "5m",
    "second": "1m",
    "avoid": "1d"
  }
}